<?xml version = '1.0' encoding = 'UTF-8'?>
<weblogic-application xmlns:xsi="http://www.w3.org/2001/XMLSchema-instance"
                      xsi:schemaLocation="http://xmlns.oracle.com/weblogic/weblogic-application http://xmlns.oracle.com/weblogic/weblogic-application/1.1/weblogic-application.xsd"
                      xmlns="http://xmlns.oracle.com/weblogic/weblogic-application">
   <xml>
        <parser-factory>
            <saxparser-factory>oracle.xml.jaxp.JXSAXParserFactory</saxparser-factory>
            <document-builder-factory>oracle.xml.jaxp.JXDocumentBuilderFactory</document-builder-factory>
            <transformer-factory>oracle.xml.jaxp.JXSAXTransformerFactory</transformer-factory>
        </parser-factory>
    </xml>
    <listener>
        <listener-class>oracle.adf.share.weblogic.listeners.ADFApplicationLifecycleListener</listener-class>
    </listener>
    <listener>
        <listener-class>oracle.mds.lcm.weblogic.WLLifecycleListener</listener-class>
    </listener>
    <library-ref>
        <library-name>adf.oracle.domain</library-name>
    </library-ref>
    <library-ref>
        <library-name>oracle.jsp.next</library-name>
    </library-ref>
</weblogic-application>
